[{
  "_id": {
    "$oid": "6677add35a10815c4edc2665"
  },
  "name": "Event 2",
  "description": "Event 2 Test Authority 2",
  "start": {
    "date": "15/05/2023",
    "time": "10:00"
  },
  "end": {
    "date": "15/05/2023",
    "time": "19:00"
  },
  "organizer": {
    "$oid": "664c19a8ea5fd4b4ef535ec7"
  },
  "__v": 0
},
{
  "_id": {
    "$oid": "667a46d53f8a900a40cbeaea"
  },
  "name": "Event 1",
  "description": "This is Event 1",
  "start": {
    "date": "15/05/2023",
    "time": "09:00"
  },
  "end": {
    "date": "15/05/2023",
    "time": "19:00"
  },
  "organizer": {
    "$oid": "664c21c9ea5fd4b4ef535ecb"
  },
  "__v": 0
}]